{"engine":{"bendrange":13653,"highpass":0,"modulation":{"aftertouch":{"amount":21953,"target":18022},"modwheel":{"amount":32767,"target":0},"pitchbend":{"amount":16710,"target":0},"velocity":{"amount":16383,"target":0}},"params":[16384,16384,16384,16384,16384,16384,16384,16384],"playmode":"mono","portamento.amount":128,"portamento.type":32767,"transpose":12,"tuning.root":0,"tuning.scale":3045,"velocity.sensitivity":6879,"volume":24901,"width":0},"envelope":{"amp":{"attack":0,"decay":0,"release":0,"sustain":32767},"filter":{"attack":3932,"decay":13167,"release":9502,"sustain":18062}},"fx":{"active":false,"params":[6963,16711,10382,5632,0,32767,0,0],"type":"z lowpass"},"lfo":{"active":true,"params":[9168,6334,23210,29491,0,0,0,18186],"type":"random"},"octave":-1,"platform":"OP-XY","regions":[{"fade.in":0,"fade.out":0,"framecount":41101,"hikey":53,"lokey":53,"pan":0,"pitch.keycenter":60,"playmode":"oneshot","reverse":false,"sample":"unnamed-f2-34.wav","sample.end":41101,"transpose":0,"tune":0},{"fade.in":0,"fade.out":0,"framecount":50552,"hikey":54,"lokey":54,"pan":0,"pitch.keycenter":60,"playmode":"oneshot","reverse":false,"sample":"unnamed-f#2-24.wav","sample.end":50552,"transpose":0,"tune":0},{"fade.in":0,"fade.out":0,"framecount":36730,"hikey":55,"lokey":55,"pan":0,"pitch.keycenter":60,"playmode":"oneshot","reverse":false,"sample":"unnamed-g2-24.wav","sample.end":36730,"transpose":0,"tune":0},{"fade.in":0,"fade.out":0,"framecount":41673,"hikey":56,"lokey":56,"pan":0,"pitch.keycenter":60,"playmode":"oneshot","reverse":false,"sample":"unnamed-g#2-23.wav","sample.end":41673,"transpose":0,"tune":0},{"fade.in":0,"fade.out":0,"framecount":24005,"hikey":57,"lokey":57,"pan":0,"pitch.keycenter":60,"playmode":"oneshot","reverse":false,"sample":"unnamed-a2-22.wav","sample.end":24005,"transpose":0,"tune":0},{"fade.in":0,"fade.out":0,"framecount":24829,"hikey":58,"lokey":58,"pan":0,"pitch.keycenter":60,"playmode":"oneshot","reverse":false,"sample":"unnamed-a#2-22.wav","sample.end":24829,"transpose":0,"tune":0},{"fade.in":0,"fade.out":0,"framecount":24791,"hikey":59,"lokey":59,"pan":0,"pitch.keycenter":60,"playmode":"oneshot","reverse":false,"sample":"unnamed-b2-25.wav","sample.end":24791,"transpose":0,"tune":0},{"fade.in":0,"fade.out":0,"framecount":34637,"hikey":60,"lokey":60,"pan":0,"pitch.keycenter":60,"playmode":"oneshot","reverse":false,"sample":"unnamed-c3-121.wav","sample.end":34637,"transpose":0,"tune":0},{"fade.in":0,"fade.out":0,"framecount":12872,"hikey":61,"lokey":61,"pan":0,"pitch.keycenter":60,"playmode":"oneshot","reverse":false,"sample":"unnamed-c#3-23.wav","sample.end":12872,"transpose":0,"tune":0},{"fade.in":0,"fade.out":0,"framecount":28205,"hikey":62,"lokey":62,"pan":0,"pitch.keycenter":60,"playmode":"oneshot","reverse":false,"sample":"unnamed-d3-23.wav","sample.end":28205,"transpose":0,"tune":0},{"fade.in":0,"fade.out":0,"framecount":12061,"hikey":63,"lokey":63,"pan":0,"pitch.keycenter":60,"playmode":"oneshot","reverse":false,"sample":"unnamed-d#3-22.wav","sample.end":12061,"transpose":0,"tune":0},{"fade.in":0,"fade.out":0,"framecount":31431,"hikey":64,"lokey":64,"pan":0,"pitch.keycenter":60,"playmode":"oneshot","reverse":false,"sample":"unnamed-e3-22.wav","sample.end":31431,"transpose":0,"tune":0},{"fade.in":0,"fade.out":0,"framecount":27605,"hikey":65,"lokey":65,"pan":0,"pitch.keycenter":60,"playmode":"oneshot","reverse":false,"sample":"unnamed-f3-27.wav","sample.end":27605,"transpose":0,"tune":0},{"fade.in":0,"fade.out":0,"framecount":42872,"hikey":66,"lokey":66,"pan":0,"pitch.keycenter":60,"playmode":"oneshot","reverse":false,"sample":"unnamed-f#3-27.wav","sample.end":42872,"transpose":0,"tune":0},{"fade.in":0,"fade.out":0,"framecount":17229,"hikey":67,"lokey":67,"pan":0,"pitch.keycenter":60,"playmode":"oneshot","reverse":false,"sample":"unnamed-g3-23.wav","sample.end":17229,"transpose":0,"tune":0},{"fade.in":0,"fade.out":0,"framecount":22952,"hikey":68,"lokey":68,"pan":0,"pitch.keycenter":60,"playmode":"oneshot","reverse":false,"sample":"unnamed-g#3-23.wav","sample.end":22952,"transpose":0,"tune":0},{"fade.in":0,"fade.out":0,"framecount":57374,"hikey":69,"lokey":69,"pan":0,"pitch.keycenter":60,"playmode":"oneshot","reverse":false,"sample":"unnamed-a3-25.wav","sample.end":57374,"transpose":0,"tune":0},{"fade.in":0,"fade.out":0,"framecount":29122,"hikey":70,"lokey":70,"pan":0,"pitch.keycenter":60,"playmode":"oneshot","reverse":false,"sample":"unnamed-a#3-22.wav","sample.end":29122,"transpose":0,"tune":0},{"fade.in":0,"fade.out":0,"framecount":36806,"hikey":71,"lokey":71,"pan":0,"pitch.keycenter":60,"playmode":"oneshot","reverse":false,"sample":"unnamed-b3-22.wav","sample.end":36806,"transpose":0,"tune":0},{"fade.in":0,"fade.out":0,"framecount":26648,"hikey":72,"lokey":72,"pan":0,"pitch.keycenter":60,"playmode":"oneshot","reverse":false,"sample":"unnamed-c4-23.wav","sample.end":26648,"transpose":0,"tune":0},{"fade.in":0,"fade.out":0,"framecount":25131,"hikey":73,"lokey":73,"pan":0,"pitch.keycenter":60,"playmode":"oneshot","reverse":false,"sample":"unnamed-c#4-23.wav","sample.end":25131,"transpose":0,"tune":0},{"fade.in":0,"fade.out":0,"framecount":25411,"hikey":74,"lokey":74,"pan":0,"pitch.keycenter":60,"playmode":"oneshot","reverse":false,"sample":"unnamed-d4-22.wav","sample.end":25411,"transpose":0,"tune":0},{"fade.in":0,"fade.out":0,"framecount":47657,"hikey":75,"lokey":75,"pan":0,"pitch.keycenter":60,"playmode":"oneshot","reverse":false,"sample":"unnamed-d#4-23.wav","sample.end":47657,"transpose":0,"tune":0},{"fade.in":0,"fade.out":0,"framecount":41243,"hikey":76,"lokey":76,"pan":0,"pitch.keycenter":60,"playmode":"oneshot","reverse":false,"sample":"unnamed-e4-22.wav","sample.end":41243,"transpose":0,"tune":0}],"type":"drum","version":4}
